<?xml version='1.0' encoding='UTF-8' ?>
<timeLogEntries>
  <time id="1" path="/Lab3/PSP0/Planning" start="@1537932714000" delta="37" />
  <time id="2" path="/Lab3/PSP0/Planning" start="@1538266544000" delta="309" />
  <time id="3" path="/Lab3/PSP0/Planning" start="@1538410479000" delta="420" />
  <time id="4" path="/Lab3/PSP0/Design" start="@1538730684000" delta="83" />
  <time id="5" path="/Lab3/PSP0/Design" start="@1538773541000" delta="204" />
  <time id="6" path="/Lab3/PSP0/Code" start="@1539360670000" delta="103" />
  <time id="7" path="/Lab3/PSP0/Code" start="@1539630090000" delta="160" />
  <time id="8" path="/Lab3/PSP0/Code" start="@1539706712000" delta="61" />
  <time id="9" path="/Lab3/PSP0/Code" start="@1539913113000" delta="130" />
  <time id="10" path="/Lab3/PSP0/Design" start="@1539020439000" delta="30" />
  <time id="11" path="/Lab3/PSP0/Code" start="@1540237969000" delta="63" />
  <time id="12" path="/Lab3/PSP0/Design" start="@1540414409000" delta="160" comment="Se realizo un cambio en el diseño de pruebas" />
  <time id="13" path="/Lab3/PSP0/Code" start="@1540502672981" delta="263" />
  <time id="14" path="/Proyecto_AED/PSP0/Planning" start="@1541259752255" delta="691" interrupt="181" />
  <time id="15" path="/Proyecto_AED/PSP0/Planning" start="@1541377672135" delta="251" interrupt="123" />
  <time id="16" path="/Proyecto_AED/PSP0/Planning" start="@1541456418000" delta="261" interrupt="64" />
  <time id="21" path="/Proyecto_AED/PSP0/Design" start="@1541542819000" delta="532" interrupt="192" />
  <time id="22" path="/Proyecto_AED/PSP0/Design" start="@1541617246000" delta="213" interrupt="83" />
  <time id="23" path="/Proyecto_AED/PSP0/Design" start="@1541641118000" delta="603" interrupt="312" />
  <time id="24" path="/Proyecto_AED/PSP0/Code" start="@1541720379000" delta="645" interrupt="315" />
  <time id="25" path="/Proyecto_AED/PSP0/Code" start="@1542498870000" delta="282" interrupt="83" />
  <time id="26" path="/Proyecto_AED/PSP0/Code" start="@1542150268000" delta="373" interrupt="130" />
  <time id="27" path="/Proyecto_AED/PSP0/Code" start="@1542330894000" delta="600" interrupt="310" />
  <time id="28" path="/Proyecto_AED/PSP0/Code" start="@1542731645000" delta="64" interrupt="80" />
  <time id="30" path="/Proyecto_AED/PSP0/Code" start="@1542740748000" delta="59" interrupt="130" />
  <time id="31" path="/Proyecto_AED/PSP0/Code" start="@1542911130000" delta="207" interrupt="198" />
  <time id="32" path="/Proyecto_AED/PSP0/Code" start="@1543022286000" delta="169" interrupt="130" />
  <time id="33" path="/Proyecto_AED/PSP0/Code" start="@1543194480000" delta="172" interrupt="20" />
  <time id="34" path="/Proyecto_AED/PSP0/Code" start="@1543221645457" delta="361" />
  <time id="35" path="/Proyecto_AED/PSP0/Code" start="@1543259884932" delta="48" />
  <time id="36" path="/Proyecto_AED/PSP0/Code" start="@1543269576037" delta="82" />
</timeLogEntries>
